"filename", "language", "HTML", "Dart", "JSON", "C++", "Markdown", "YAML", "Swift", "XML", "Java Properties", "Gradle", "comment", "blank", "total"
"d:\tot\projects\POS_app\README.md", "Markdown", 0, 0, 0, 0, 39, 0, 0, 0, 0, 0, 0, 1, 40
"d:\tot\projects\POS_app\analysis_options copy.yaml", "YAML", 0, 0, 0, 0, 0, 20, 0, 0, 0, 0, 0, 2, 22
"d:\tot\projects\POS_app\analysis_options.yaml", "YAML", 0, 0, 0, 0, 0, 7, 0, 0, 0, 0, 0, 1, 8
"d:\tot\projects\POS_app\android\app\build.gradle", "Gradle", 0, 0, 0, 0, 0, 0, 0, 0, 0, 55, 5, 13, 73
"d:\tot\projects\POS_app\android\app\src\debug\AndroidManifest.xml", "XML", 0, 0, 0, 0, 0, 0, 0, 3, 0, 0, 4, 1, 8
"d:\tot\projects\POS_app\android\app\src\main\AndroidManifest.xml", "XML", 0, 0, 0, 0, 0, 0, 0, 27, 0, 0, 6, 1, 34
"d:\tot\projects\POS_app\android\app\src\main\res\drawable-v21\launch_background.xml", "XML", 0, 0, 0, 0, 0, 0, 0, 4, 0, 0, 7, 2, 13
"d:\tot\projects\POS_app\android\app\src\main\res\drawable\launch_background.xml", "XML", 0, 0, 0, 0, 0, 0, 0, 4, 0, 0, 7, 2, 13
"d:\tot\projects\POS_app\android\app\src\main\res\mipmap-anydpi-v26\ic_launcher.xml", "XML", 0, 0, 0, 0, 0, 0, 0, 6, 0, 0, 0, 0, 6
"d:\tot\projects\POS_app\android\app\src\main\res\values-night\styles.xml", "XML", 0, 0, 0, 0, 0, 0, 0, 9, 0, 0, 9, 1, 19
"d:\tot\projects\POS_app\android\app\src\main\res\values\styles.xml", "XML", 0, 0, 0, 0, 0, 0, 0, 9, 0, 0, 9, 1, 19
"d:\tot\projects\POS_app\android\app\src\profile\AndroidManifest.xml", "XML", 0, 0, 0, 0, 0, 0, 0, 3, 0, 0, 4, 1, 8
"d:\tot\projects\POS_app\android\build.gradle", "Gradle", 0, 0, 0, 0, 0, 0, 0, 0, 0, 27, 0, 5, 32
"d:\tot\projects\POS_app\android\gradle.properties", "Java Properties", 0, 0, 0, 0, 0, 0, 0, 0, 3, 0, 0, 1, 4
"d:\tot\projects\POS_app\android\gradle\wrapper\gradle-wrapper.properties", "Java Properties", 0, 0, 0, 0, 0, 0, 0, 0, 5, 0, 0, 1, 6
"d:\tot\projects\POS_app\android\settings.gradle", "Gradle", 0, 0, 0, 0, 0, 0, 0, 0, 0, 8, 0, 4, 12
"d:\tot\projects\POS_app\assets\cost_reports.json", "JSON", 0, 0, 11, 0, 0, 0, 0, 0, 0, 0, 0, 0, 11
"d:\tot\projects\POS_app\assets\current_customer.json", "JSON", 0, 0, 5, 0, 0, 0, 0, 0, 0, 0, 0, 1, 6
"d:\tot\projects\POS_app\assets\icons\warehouse-solid.svg", "XML", 0, 0, 0, 0, 0, 0, 0, 1, 0, 0, 0, 0, 1
"d:\tot\projects\POS_app\assets\jsons\area_regions.json", "JSON", 0, 0, 353, 0, 0, 0, 0, 0, 0, 0, 0, 1, 354
"d:\tot\projects\POS_app\assets\jsons\banners.json", "JSON", 0, 0, 16, 0, 0, 0, 0, 0, 0, 0, 0, 0, 16
"d:\tot\projects\POS_app\assets\jsons\categories.json", "JSON", 0, 0, 163, 0, 0, 0, 0, 0, 0, 0, 0, 3, 166
"d:\tot\projects\POS_app\assets\statistic_report.json", "JSON", 0, 0, 40, 0, 0, 0, 0, 0, 0, 0, 0, 0, 40
"d:\tot\projects\POS_app\build.yaml", "YAML", 0, 0, 0, 0, 0, 9, 0, 0, 0, 0, 23, 3, 35
"d:\tot\projects\POS_app\devtools_options copy.yaml", "YAML", 0, 0, 0, 0, 0, 1, 0, 0, 0, 0, 0, 1, 2
"d:\tot\projects\POS_app\devtools_options.yaml", "YAML", 0, 0, 0, 0, 0, 1, 0, 0, 0, 0, 0, 1, 2
"d:\tot\projects\POS_app\ios\RunnerTests\RunnerTests.swift", "Swift", 0, 0, 0, 0, 0, 0, 7, 0, 0, 0, 2, 4, 13
"d:\tot\projects\POS_app\ios\Runner\AppDelegate.swift", "Swift", 0, 0, 0, 0, 0, 0, 12, 0, 0, 0, 0, 2, 14
"d:\tot\projects\POS_app\ios\Runner\Assets.xcassets\AppIcon.appiconset\Contents.json", "JSON", 0, 0, 134, 0, 0, 0, 0, 0, 0, 0, 0, 0, 134
"d:\tot\projects\POS_app\ios\Runner\Assets.xcassets\LaunchImage.imageset\Contents.json", "JSON", 0, 0, 23, 0, 0, 0, 0, 0, 0, 0, 0, 1, 24
"d:\tot\projects\POS_app\ios\Runner\Assets.xcassets\LaunchImage.imageset\README.md", "Markdown", 0, 0, 0, 0, 3, 0, 0, 0, 0, 0, 0, 2, 5
"d:\tot\projects\POS_app\ios\Runner\Base.lproj\LaunchScreen.storyboard", "XML", 0, 0, 0, 0, 0, 0, 0, 36, 0, 0, 1, 1, 38
"d:\tot\projects\POS_app\ios\Runner\Base.lproj\Main.storyboard", "XML", 0, 0, 0, 0, 0, 0, 0, 25, 0, 0, 1, 1, 27
"d:\tot\projects\POS_app\ios\Runner\Runner-Bridging-Header.h", "C++", 0, 0, 0, 1, 0, 0, 0, 0, 0, 0, 0, 1, 2
"d:\tot\projects\POS_app\l10n.yaml", "YAML", 0, 0, 0, 0, 0, 7, 0, 0, 0, 0, 0, 1, 8
"d:\tot\projects\POS_app\lib\bloc_observer.dart", "Dart", 0, 32, 0, 0, 0, 0, 0, 0, 0, 0, 0, 5, 37
"d:\tot\projects\POS_app\lib\core\constants\assets.dart", "Dart", 0, 4, 0, 0, 0, 0, 0, 0, 0, 0, 0, 1, 5
"d:\tot\projects\POS_app\lib\core\constants\constants.dart", "Dart", 0, 4, 0, 0, 0, 0, 0, 0, 0, 0, 0, 1, 5
"d:\tot\projects\POS_app\lib\core\constants\local_keys.dart", "Dart", 0, 17, 0, 0, 0, 0, 0, 0, 0, 0, 0, 1, 18
"d:\tot\projects\POS_app\lib\core\constants\sizes.dart", "Dart", 0, 68, 0, 0, 0, 0, 0, 0, 0, 0, 2, 11, 81
"d:\tot\projects\POS_app\lib\core\constants\store_config.dart", "Dart", 0, 12, 0, 0, 0, 0, 0, 0, 0, 0, 2, 1, 15
"d:\tot\projects\POS_app\lib\core\constants\strings.dart", "Dart", 0, 0, 0, 0, 0, 0, 0, 0, 0, 0, 0, 1, 1
"d:\tot\projects\POS_app\lib\core\enums\orders_status.dart", "Dart", 0, 6, 0, 0, 0, 0, 0, 0, 0, 0, 0, 1, 7
"d:\tot\projects\POS_app\lib\core\enums\payment_method_type.dart", "Dart", 0, 9, 0, 0, 0, 0, 0, 0, 0, 0, 2, 3, 14
"d:\tot\projects\POS_app\lib\core\extensions\bag_item_extension.dart", "Dart", 0, 57, 0, 0, 0, 0, 0, 0, 0, 0, 0, 3, 60
"d:\tot\projects\POS_app\lib\core\extensions\is_valid_email_extension.dart", "Dart", 0, 6, 0, 0, 0, 0, 0, 0, 0, 0, 0, 1, 7
"d:\tot\projects\POS_app\lib\core\extensions\translate.dart", "Dart", 0, 7, 0, 0, 0, 0, 0, 0, 0, 0, 0, 4, 11
"d:\tot\projects\POS_app\lib\core\generated\l10n\langs\app_localizations.dart", "Dart", 0, 120, 0, 0, 0, 0, 0, 0, 0, 0, 351, 89, 560
"d:\tot\projects\POS_app\lib\core\generated\l10n\langs\app_localizations_ar.dart", "Dart", 0, 148, 0, 0, 0, 0, 0, 0, 0, 0, 1, 74, 223
"d:\tot\projects\POS_app\lib\core\generated\l10n\langs\app_localizations_en.dart", "Dart", 0, 148, 0, 0, 0, 0, 0, 0, 0, 0, 1, 74, 223
"d:\tot\projects\POS_app\lib\core\network\api_consumer.dart", "Dart", 0, 35, 0, 0, 0, 0, 0, 0, 0, 0, 4, 5, 44
"d:\tot\projects\POS_app\lib\core\network\dio_consumer.dart", "Dart", 0, 142, 0, 0, 0, 0, 0, 0, 0, 0, 1, 11, 154
"d:\tot\projects\POS_app\lib\core\network\dio_exceptions_handler.dart", "Dart", 0, 26, 0, 0, 0, 0, 0, 0, 0, 0, 0, 3, 29
"d:\tot\projects\POS_app\lib\core\network\end_points.dart", "Dart", 0, 24, 0, 0, 0, 0, 0, 0, 0, 0, 10, 10, 44
"d:\tot\projects\POS_app\lib\core\network\failure.dart", "Dart", 0, 37, 0, 0, 0, 0, 0, 0, 0, 0, 0, 11, 48
"d:\tot\projects\POS_app\lib\core\network\graph_config.dart", "Dart", 0, 85, 0, 0, 0, 0, 0, 0, 0, 0, 1, 18, 104
"d:\tot\projects\POS_app\lib\core\network\network_interceptor.dart", "Dart", 0, 48, 0, 0, 0, 0, 0, 0, 0, 0, 0, 9, 57
"d:\tot\projects\POS_app\lib\core\routes\go_routes.dart", "Dart", 0, 34, 0, 0, 0, 0, 0, 0, 0, 0, 0, 4, 38
"d:\tot\projects\POS_app\lib\core\routes\routes.dart", "Dart", 0, 30, 0, 0, 0, 0, 0, 0, 0, 0, 5, 3, 38
"d:\tot\projects\POS_app\lib\core\theme\palette.dart", "Dart", 0, 43, 0, 0, 0, 0, 0, 0, 0, 0, 1, 5, 49
"d:\tot\projects\POS_app\lib\core\theme\themes.dart", "Dart", 0, 0, 0, 0, 0, 0, 0, 0, 0, 0, 0, 2, 2
"d:\tot\projects\POS_app\lib\core\types\types.dart", "Dart", 0, 18, 0, 0, 0, 0, 0, 0, 0, 0, 2, 5, 25
"d:\tot\projects\POS_app\lib\core\usecase\usecase.dart", "Dart", 0, 8, 0, 0, 0, 0, 0, 0, 0, 0, 0, 4, 12
"d:\tot\projects\POS_app\lib\core\utils\display_snackbar.dart", "Dart", 0, 10, 0, 0, 0, 0, 0, 0, 0, 0, 0, 4, 14
"d:\tot\projects\POS_app\lib\core\utils\json_decoder.dart", "Dart", 0, 0, 0, 0, 0, 0, 0, 0, 0, 0, 8, 4, 12
"d:\tot\projects\POS_app\lib\core\utils\show_custom_keyboard.dart", "Dart", 0, 2118, 0, 0, 0, 0, 0, 0, 0, 0, 85, 29, 2232
"d:\tot\projects\POS_app\lib\data\auth\data_sources\local_data_source.dart", "Dart", 0, 71, 0, 0, 0, 0, 0, 0, 0, 0, 0, 13, 84
"d:\tot\projects\POS_app\lib\data\auth\data_sources\remote_data_source.dart", "Dart", 0, 82, 0, 0, 0, 0, 0, 0, 0, 0, 0, 8, 90
"d:\tot\projects\POS_app\lib\data\auth\model\user_data_response_model.dart", "Dart", 0, 60, 0, 0, 0, 0, 0, 0, 0, 0, 0, 12, 72
"d:\tot\projects\POS_app\lib\data\auth\model\user_data_response_model.freezed.dart", "Dart", 0, 995, 0, 0, 0, 0, 0, 0, 0, 0, 49, 125, 1169
"d:\tot\projects\POS_app\lib\data\auth\model\user_data_response_model.g.dart", "Dart", 0, 85, 0, 0, 0, 0, 0, 0, 0, 0, 4, 13, 102
"d:\tot\projects\POS_app\lib\data\auth\repo\auth_repo_impl.dart", "Dart", 0, 88, 0, 0, 0, 0, 0, 0, 0, 0, 0, 8, 96
"d:\tot\projects\POS_app\lib\data\auth\responses\token_responses.dart", "Dart", 0, 14, 0, 0, 0, 0, 0, 0, 0, 0, 0, 4, 18
"d:\tot\projects\POS_app\lib\data\bag\data_sources\local_data_source.dart", "Dart", 0, 13, 0, 0, 0, 0, 0, 0, 0, 0, 0, 5, 18
"d:\tot\projects\POS_app\lib\data\bag\repo\bag_repo_impl.dart", "Dart", 0, 29, 0, 0, 0, 0, 0, 0, 0, 0, 0, 8, 37
"d:\tot\projects\POS_app\lib\data\cart\data_sources.dart\local_data_source.dart", "Dart", 0, 31, 0, 0, 0, 0, 0, 0, 0, 0, 0, 9, 40
"d:\tot\projects\POS_app\lib\data\cart\data_sources.dart\remote_data_source.dart", "Dart", 0, 1180, 0, 0, 0, 0, 0, 0, 0, 0, 0, 29, 1209
"d:\tot\projects\POS_app\lib\data\cart\models\graph_add_item_model.dart", "Dart", 0, 41, 0, 0, 0, 0, 0, 0, 0, 0, 0, 10, 51
"d:\tot\projects\POS_app\lib\data\cart\models\graph_add_item_model.freezed.dart", "Dart", 0, 653, 0, 0, 0, 0, 0, 0, 0, 0, 32, 76, 761
"d:\tot\projects\POS_app\lib\data\cart\models\graph_add_item_model.g.dart", "Dart", 0, 56, 0, 0, 0, 0, 0, 0, 0, 0, 4, 9, 69
"d:\tot\projects\POS_app\lib\data\cart\models\graph_change_item_quantity.dart", "Dart", 0, 35, 0, 0, 0, 0, 0, 0, 0, 0, 0, 7, 42
"d:\tot\projects\POS_app\lib\data\cart\models\graph_change_item_quantity.freezed.dart", "Dart", 0, 694, 0, 0, 0, 0, 0, 0, 0, 0, 25, 70, 789
"d:\tot\projects\POS_app\lib\data\cart\models\graph_change_item_quantity.g.dart", "Dart", 0, 72, 0, 0, 0, 0, 0, 0, 0, 0, 4, 7, 83
"d:\tot\projects\POS_app\lib\data\cart\models\graph_create_cart_model.dart", "Dart", 0, 214, 0, 0, 0, 0, 0, 0, 0, 0, 1, 32, 247
"d:\tot\projects\POS_app\lib\data\cart\models\graph_create_cart_model.freezed.dart", "Dart", 0, 4069, 0, 0, 0, 0, 0, 0, 0, 0, 129, 354, 4552
"d:\tot\projects\POS_app\lib\data\cart\models\graph_create_cart_model.g.dart", "Dart", 0, 393, 0, 0, 0, 0, 0, 0, 0, 0, 4, 31, 428
"d:\tot\projects\POS_app\lib\data\cart\models\graph_remove_item_model.dart", "Dart", 0, 31, 0, 0, 0, 0, 0, 0, 0, 0, 0, 10, 41
"d:\tot\projects\POS_app\lib\data\cart\models\graph_remove_item_model.freezed.dart", "Dart", 0, 445, 0, 0, 0, 0, 0, 0, 0, 0, 32, 76, 553
"d:\tot\projects\POS_app\lib\data\cart\models\graph_remove_item_model.g.dart", "Dart", 0, 43, 0, 0, 0, 0, 0, 0, 0, 0, 4, 9, 56
"d:\tot\projects\POS_app\lib\data\cart\repo\cart_repo_impl.dart", "Dart", 0, 195, 0, 0, 0, 0, 0, 0, 0, 0, 0, 33, 228
"d:\tot\projects\POS_app\lib\data\categories\models\graph_category_model.dart", "Dart", 0, 35, 0, 0, 0, 0, 0, 0, 0, 0, 0, 8, 43
"d:\tot\projects\POS_app\lib\data\categories\models\graph_category_model.freezed.dart", "Dart", 0, 543, 0, 0, 0, 0, 0, 0, 0, 0, 34, 73, 650
"d:\tot\projects\POS_app\lib\data\categories\models\graph_category_model.g.dart", "Dart", 0, 56, 0, 0, 0, 0, 0, 0, 0, 0, 4, 9, 69
"d:\tot\projects\POS_app\lib\data\categories\repo\category_repo.impl.dart", "Dart", 0, 65, 0, 0, 0, 0, 0, 0, 0, 0, 0, 4, 69
"d:\tot\projects\POS_app\lib\data\customers\data_sources\remote_data_source.dart", "Dart", 0, 115, 0, 0, 0, 0, 0, 0, 0, 0, 20, 16, 151
"d:\tot\projects\POS_app\lib\data\customers\repo\customers_repo_impl.dart", "Dart", 0, 52, 0, 0, 0, 0, 0, 0, 0, 0, 0, 9, 61
"d:\tot\projects\POS_app\lib\data\customers\requests\add_new_customer_request\tot_add_new_customer_model_request.dart", "Dart", 0, 70, 0, 0, 0, 0, 0, 0, 0, 0, 0, 8, 78
"d:\tot\projects\POS_app\lib\data\customers\requests\add_new_customer_request\tot_add_new_customer_model_request.freezed.dart", "Dart", 0, 1311, 0, 0, 0, 0, 0, 0, 0, 0, 35, 71, 1417
"d:\tot\projects\POS_app\lib\data\customers\requests\add_new_customer_request\tot_add_new_customer_model_request.g.dart", "Dart", 0, 126, 0, 0, 0, 0, 0, 0, 0, 0, 4, 9, 139
"d:\tot\projects\POS_app\lib\data\customers\requests\customer_search_request\customers_search_model.dart", "Dart", 0, 27, 0, 0, 0, 0, 0, 0, 0, 0, 0, 3, 30
"d:\tot\projects\POS_app\lib\data\customers\requests\customer_search_request\customers_search_model.freezed.dart", "Dart", 0, 504, 0, 0, 0, 0, 0, 0, 0, 0, 20, 31, 555
"d:\tot\projects\POS_app\lib\data\customers\requests\customer_search_request\customers_search_model.g.dart", "Dart", 0, 52, 0, 0, 0, 0, 0, 0, 0, 0, 4, 5, 61
"d:\tot\projects\POS_app\lib\data\customers\responses\add_new_customer\tot_add_new_customer_model.dart", "Dart", 0, 140, 0, 0, 0, 0, 0, 0, 0, 0, 0, 16, 156
"d:\tot\projects\POS_app\lib\data\customers\responses\add_new_customer\tot_add_new_customer_model.freezed.dart", "Dart", 0, 2636, 0, 0, 0, 0, 0, 0, 0, 0, 72, 161, 2869
"d:\tot\projects\POS_app\lib\data\customers\responses\add_new_customer\tot_add_new_customer_model.g.dart", "Dart", 0, 257, 0, 0, 0, 0, 0, 0, 0, 0, 4, 17, 278
"d:\tot\projects\POS_app\lib\data\customers\responses\customers_response\tot_customers.dart", "Dart", 0, 149, 0, 0, 0, 0, 0, 0, 0, 0, 2, 20, 171
"d:\tot\projects\POS_app\lib\data\customers\responses\customers_response\tot_customers.freezed.dart", "Dart", 0, 2778, 0, 0, 0, 0, 0, 0, 0, 0, 81, 182, 3041
"d:\tot\projects\POS_app\lib\data\customers\responses\customers_response\tot_customers.g.dart", "Dart", 0, 270, 0, 0, 0, 0, 0, 0, 0, 0, 4, 19, 293
"d:\tot\projects\POS_app\lib\data\fulfillment_center\data_source\local_data_source.dart", "Dart", 0, 23, 0, 0, 0, 0, 0, 0, 0, 0, 0, 5, 28
"d:\tot\projects\POS_app\lib\data\fulfillment_center\data_source\remote_data_source.dart", "Dart", 0, 50, 0, 0, 0, 0, 0, 0, 0, 0, 0, 7, 57
"d:\tot\projects\POS_app\lib\data\fulfillment_center\model\graph_fulfillment_center_model.dart", "Dart", 0, 46, 0, 0, 0, 0, 0, 0, 0, 0, 0, 10, 56
"d:\tot\projects\POS_app\lib\data\fulfillment_center\model\graph_fulfillment_center_model.freezed.dart", "Dart", 0, 725, 0, 0, 0, 0, 0, 0, 0, 0, 40, 95, 860
"d:\tot\projects\POS_app\lib\data\fulfillment_center\model\graph_fulfillment_center_model.g.dart", "Dart", 0, 67, 0, 0, 0, 0, 0, 0, 0, 0, 4, 11, 82
"d:\tot\projects\POS_app\lib\data\fulfillment_center\repo\fulfillment_center_repo_impl.dart", "Dart", 0, 48, 0, 0, 0, 0, 0, 0, 0, 0, 1, 10, 59
"d:\tot\projects\POS_app\lib\data\inventory\data_source\remote_data_source.dart", "Dart", 0, 32, 0, 0, 0, 0, 0, 0, 0, 0, 0, 5, 37
"d:\tot\projects\POS_app\lib\data\inventory\repo\inventory_repo_impl.dart", "Dart", 0, 35, 0, 0, 0, 0, 0, 0, 0, 0, 0, 3, 38
"d:\tot\projects\POS_app\lib\data\menu\data_sources\menu_data_source.dart", "Dart", 0, 27, 0, 0, 0, 0, 0, 0, 0, 0, 0, 9, 36
"d:\tot\projects\POS_app\lib\data\menu\mappers\category_mapping.dart", "Dart", 0, 41, 0, 0, 0, 0, 0, 0, 0, 0, 0, 8, 49
"d:\tot\projects\POS_app\lib\data\menu\model\category_model.dart", "Dart", 0, 22, 0, 0, 0, 0, 0, 0, 0, 0, 21, 7, 50
"d:\tot\projects\POS_app\lib\data\menu\model\category_model.freezed.dart", "Dart", 0, 340, 0, 0, 0, 0, 0, 0, 0, 0, 25, 48, 413
"d:\tot\projects\POS_app\lib\data\menu\model\category_model.g.dart", "Dart", 0, 31, 0, 0, 0, 0, 0, 0, 0, 0, 4, 7, 42
"d:\tot\projects\POS_app\lib\data\menu\repo\repo_impl.dart", "Dart", 0, 25, 0, 0, 0, 0, 0, 0, 0, 0, 0, 4, 29
"d:\tot\projects\POS_app\lib\data\orders\data_source\local_data_source.dart", "Dart", 0, 20, 0, 0, 0, 0, 0, 0, 0, 0, 0, 4, 24
"d:\tot\projects\POS_app\lib\data\orders\data_source\remote_data_source.dart", "Dart", 0, 355, 0, 0, 0, 0, 0, 0, 0, 0, 0, 12, 367
"d:\tot\projects\POS_app\lib\data\orders\model\graph_create_order_model.dart", "Dart", 0, 46, 0, 0, 0, 0, 0, 0, 0, 0, 0, 10, 56
"d:\tot\projects\POS_app\lib\data\orders\model\graph_create_order_model.freezed.dart", "Dart", 0, 834, 0, 0, 0, 0, 0, 0, 0, 0, 32, 93, 959
"d:\tot\projects\POS_app\lib\data\orders\model\graph_create_order_model.g.dart", "Dart", 0, 86, 0, 0, 0, 0, 0, 0, 0, 0, 4, 9, 99
"d:\tot\projects\POS_app\lib\data\orders\repo\orders_repo_impl.dart", "Dart", 0, 113, 0, 0, 0, 0, 0, 0, 0, 0, 0, 11, 124
"d:\tot\projects\POS_app\lib\data\products\data_sources\remote_data_source.dart", "Dart", 0, 397, 0, 0, 0, 0, 0, 0, 0, 0, 0, 8, 405
"d:\tot\projects\POS_app\lib\data\products\mapper\products_mapping.dart", "Dart", 0, 68, 0, 0, 0, 0, 0, 0, 0, 0, 0, 5, 73
"d:\tot\projects\POS_app\lib\data\products\mapper\products_pos_mapping.dart", "Dart", 0, 56, 0, 0, 0, 0, 0, 0, 0, 0, 0, 8, 64
"d:\tot\projects\POS_app\lib\data\products\model\qraph_product_model.dart", "Dart", 0, 344, 0, 0, 0, 0, 0, 0, 0, 0, 0, 51, 395
"d:\tot\projects\POS_app\lib\data\products\model\qraph_product_model.freezed.dart", "Dart", 0, 6326, 0, 0, 0, 0, 0, 0, 0, 0, 234, 622, 7182
"d:\tot\projects\POS_app\lib\data\products\model\qraph_product_model.g.dart", "Dart", 0, 592, 0, 0, 0, 0, 0, 0, 0, 0, 4, 53, 649
"d:\tot\projects\POS_app\lib\data\products\repo\products_repo_impl.dart", "Dart", 0, 42, 0, 0, 0, 0, 0, 0, 0, 0, 4, 4, 50
"d:\tot\projects\POS_app\lib\data\report\data_source\local_data_source.dart", "Dart", 0, 23, 0, 0, 0, 0, 0, 0, 0, 0, 0, 10, 33
"d:\tot\projects\POS_app\lib\data\report\data_source\remote_data_source.dart", "Dart", 0, 23, 0, 0, 0, 0, 0, 0, 0, 0, 0, 5, 28
"d:\tot\projects\POS_app\lib\data\report\model\avg_order_value_model.dart", "Dart", 0, 12, 0, 0, 0, 0, 0, 0, 0, 0, 0, 3, 15
"d:\tot\projects\POS_app\lib\data\report\model\avg_order_value_model.freezed.dart", "Dart", 0, 142, 0, 0, 0, 0, 0, 0, 0, 0, 15, 26, 183
"d:\tot\projects\POS_app\lib\data\report\model\avg_order_value_model.g.dart", "Dart", 0, 11, 0, 0, 0, 0, 0, 0, 0, 0, 4, 5, 20
"d:\tot\projects\POS_app\lib\data\report\model\cost_model.dart", "Dart", 0, 19, 0, 0, 0, 0, 0, 0, 0, 0, 0, 4, 23
"d:\tot\projects\POS_app\lib\data\report\model\cost_model.freezed.dart", "Dart", 0, 311, 0, 0, 0, 0, 0, 0, 0, 0, 15, 26, 352
"d:\tot\projects\POS_app\lib\data\report\model\cost_model.g.dart", "Dart", 0, 25, 0, 0, 0, 0, 0, 0, 0, 0, 4, 5, 34
"d:\tot\projects\POS_app\lib\data\report\model\order_statistics_model.dart", "Dart", 0, 20, 0, 0, 0, 0, 0, 0, 0, 0, 0, 2, 22
"d:\tot\projects\POS_app\lib\data\report\model\order_statistics_model.freezed.dart", "Dart", 0, 315, 0, 0, 0, 0, 0, 0, 0, 0, 17, 28, 360
"d:\tot\projects\POS_app\lib\data\report\model\order_statistics_model.g.dart", "Dart", 0, 29, 0, 0, 0, 0, 0, 0, 0, 0, 4, 5, 38
"d:\tot\projects\POS_app\lib\data\report\model\revenue_model.dart", "Dart", 0, 12, 0, 0, 0, 0, 0, 0, 0, 0, 0, 3, 15
"d:\tot\projects\POS_app\lib\data\report\model\revenue_model.freezed.dart", "Dart", 0, 138, 0, 0, 0, 0, 0, 0, 0, 0, 15, 26, 179
"d:\tot\projects\POS_app\lib\data\report\model\revenue_model.g.dart", "Dart", 0, 11, 0, 0, 0, 0, 0, 0, 0, 0, 4, 5, 20
"d:\tot\projects\POS_app\lib\data\report\model\statistic_model.dart", "Dart", 0, 35, 0, 0, 0, 0, 0, 0, 0, 0, 0, 8, 43
"d:\tot\projects\POS_app\lib\data\report\model\statistic_model.freezed.dart", "Dart", 0, 614, 0, 0, 0, 0, 0, 0, 0, 0, 31, 82, 727
"d:\tot\projects\POS_app\lib\data\report\model\statistic_model.g.dart", "Dart", 0, 48, 0, 0, 0, 0, 0, 0, 0, 0, 4, 9, 61
"d:\tot\projects\POS_app\lib\data\report\repo\report_repo_impl.dart", "Dart", 0, 47, 0, 0, 0, 0, 0, 0, 0, 0, 0, 7, 54
"d:\tot\projects\POS_app\lib\data\sales\data_source\sales_data_source.dart", "Dart", 0, 14, 0, 0, 0, 0, 0, 0, 0, 0, 0, 7, 21
"d:\tot\projects\POS_app\lib\data\sales\model\sales_model.dart", "Dart", 0, 192, 0, 0, 0, 0, 0, 0, 0, 0, 0, 28, 220
"d:\tot\projects\POS_app\lib\data\sales\model\sales_model.freezed.dart", "Dart", 0, 3548, 0, 0, 0, 0, 0, 0, 0, 0, 112, 311, 3971
"d:\tot\projects\POS_app\lib\data\sales\model\sales_model.g.dart", "Dart", 0, 302, 0, 0, 0, 0, 0, 0, 0, 0, 4, 29, 335
"d:\tot\projects\POS_app\lib\data\sales\repo\sales_repo.dart", "Dart", 0, 21, 0, 0, 0, 0, 0, 0, 0, 0, 0, 3, 24
"d:\tot\projects\POS_app\lib\depency_injection.dart", "Dart", 0, 270, 0, 0, 0, 0, 0, 0, 0, 0, 25, 18, 313
"d:\tot\projects\POS_app\lib\domain\auth\repo\auth_repo_base.dart", "Dart", 0, 11, 0, 0, 0, 0, 0, 0, 0, 0, 0, 5, 16
"d:\tot\projects\POS_app\lib\domain\auth\usecases\get_user_usecase.dart", "Dart", 0, 13, 0, 0, 0, 0, 0, 0, 0, 0, 0, 2, 15
"d:\tot\projects\POS_app\lib\domain\auth\usecases\login_usecase.dart", "Dart", 0, 26, 0, 0, 0, 0, 0, 0, 0, 0, 0, 8, 34
"d:\tot\projects\POS_app\lib\domain\bag\entities\bag.dart", "Dart", 0, 98, 0, 0, 0, 0, 0, 0, 0, 0, 2, 19, 119
"d:\tot\projects\POS_app\lib\domain\bag\entities\bag_item.dart", "Dart", 0, 99, 0, 0, 0, 0, 0, 0, 0, 0, 0, 7, 106
"d:\tot\projects\POS_app\lib\domain\bag\repo\bag_order_repo.dart", "Dart", 0, 9, 0, 0, 0, 0, 0, 0, 0, 0, 0, 4, 13
"d:\tot\projects\POS_app\lib\domain\bag\usecases\add_bag_item_usecase.dart", "Dart", 0, 28, 0, 0, 0, 0, 0, 0, 0, 0, 0, 8, 36
"d:\tot\projects\POS_app\lib\domain\bag\usecases\create_bag_usecase.dart", "Dart", 0, 13, 0, 0, 0, 0, 0, 0, 0, 0, 0, 3, 16
"d:\tot\projects\POS_app\lib\domain\cart\repo\cart_repo.dart", "Dart", 0, 36, 0, 0, 0, 0, 0, 0, 0, 0, 0, 10, 46
"d:\tot\projects\POS_app\lib\domain\cart\usecases\add_copoun_usecase.dart", "Dart", 0, 24, 0, 0, 0, 0, 0, 0, 0, 0, 0, 8, 32
"d:\tot\projects\POS_app\lib\domain\cart\usecases\add_item_usecase.dart", "Dart", 0, 41, 0, 0, 0, 0, 0, 0, 0, 0, 0, 9, 50
"d:\tot\projects\POS_app\lib\domain\cart\usecases\change_item_quantity_usecase.dart", "Dart", 0, 31, 0, 0, 0, 0, 0, 0, 0, 0, 0, 6, 37
"d:\tot\projects\POS_app\lib\domain\cart\usecases\fetch_cart_usecase.dart", "Dart", 0, 14, 0, 0, 0, 0, 0, 0, 0, 0, 0, 3, 17
"d:\tot\projects\POS_app\lib\domain\cart\usecases\prepare_cart_usecase.dart", "Dart", 0, 26, 0, 0, 0, 0, 0, 0, 0, 0, 5, 9, 40
"d:\tot\projects\POS_app\lib\domain\cart\usecases\remove_cart_usecase.dart", "Dart", 0, 10, 0, 0, 0, 0, 0, 0, 0, 0, 0, 3, 13
"d:\tot\projects\POS_app\lib\domain\cart\usecases\remove_items_usecase.dart", "Dart", 0, 23, 0, 0, 0, 0, 0, 0, 0, 0, 0, 8, 31
"d:\tot\projects\POS_app\lib\domain\category\repo\category_repo_base.dart", "Dart", 0, 6, 0, 0, 0, 0, 0, 0, 0, 0, 0, 3, 9
"d:\tot\projects\POS_app\lib\domain\category\usecases\fetch_categories_usecase.dart", "Dart", 0, 16, 0, 0, 0, 0, 0, 0, 0, 0, 0, 5, 21
"d:\tot\projects\POS_app\lib\domain\customers\repo\customers_repo.dart", "Dart", 0, 10, 0, 0, 0, 0, 0, 0, 0, 0, 0, 2, 12
"d:\tot\projects\POS_app\lib\domain\customers\usecases\add_customer_usecase.dart", "Dart", 0, 39, 0, 0, 0, 0, 0, 0, 0, 0, 0, 9, 48
"d:\tot\projects\POS_app\lib\domain\customers\usecases\fetch_customers_usecase.dart", "Dart", 0, 15, 0, 0, 0, 0, 0, 0, 0, 0, 0, 4, 19
"d:\tot\projects\POS_app\lib\domain\fulfillment_center\repo\fulfillment_center_repo.dart", "Dart", 0, 9, 0, 0, 0, 0, 0, 0, 0, 0, 0, 3, 12
"d:\tot\projects\POS_app\lib\domain\fulfillment_center\usecase\change_fulfillment_center_usecase.dart", "Dart", 0, 40, 0, 0, 0, 0, 0, 0, 0, 0, 0, 6, 46
"d:\tot\projects\POS_app\lib\domain\fulfillment_center\usecase\get_fullfilment_centers_usecase.dart", "Dart", 0, 39, 0, 0, 0, 0, 0, 0, 0, 0, 0, 6, 45
"d:\tot\projects\POS_app\lib\domain\inventory\repo\inventory_repo.dart", "Dart", 0, 9, 0, 0, 0, 0, 0, 0, 0, 0, 0, 2, 11
"d:\tot\projects\POS_app\lib\domain\inventory\usecase\update_inventory_quantity_usecase.dart", "Dart", 0, 31, 0, 0, 0, 0, 0, 0, 0, 0, 1, 5, 37
"d:\tot\projects\POS_app\lib\domain\menu\repo\repo.dart", "Dart", 0, 4, 0, 0, 0, 0, 0, 0, 0, 0, 0, 2, 6
"d:\tot\projects\POS_app\lib\domain\menu\usecases\fetch_menu_categories_usecase.dart", "Dart", 0, 15, 0, 0, 0, 0, 0, 0, 0, 0, 0, 5, 20
"d:\tot\projects\POS_app\lib\domain\orders\entities\order_entity.dart", "Dart", 0, 35, 0, 0, 0, 0, 0, 0, 0, 0, 0, 3, 38
"d:\tot\projects\POS_app\lib\domain\orders\repo\orders_repo_base.dart", "Dart", 0, 19, 0, 0, 0, 0, 0, 0, 0, 0, 0, 2, 21
"d:\tot\projects\POS_app\lib\domain\orders\usecases\change_order_status_usecase.dart", "Dart", 0, 24, 0, 0, 0, 0, 0, 0, 0, 0, 0, 6, 30
"d:\tot\projects\POS_app\lib\domain\orders\usecases\create_order_from_bag.dart", "Dart", 0, 20, 0, 0, 0, 0, 0, 0, 0, 0, 0, 4, 24
"d:\tot\projects\POS_app\lib\domain\orders\usecases\create_order_from_cart_usecase.dart", "Dart", 0, 27, 0, 0, 0, 0, 0, 0, 0, 0, 2, 7, 36
"d:\tot\projects\POS_app\lib\domain\orders\usecases\get_order_details_usecase.dart", "Dart", 0, 24, 0, 0, 0, 0, 0, 0, 0, 0, 0, 7, 31
"d:\tot\projects\POS_app\lib\domain\orders\usecases\get_orders_usecase.dart", "Dart", 0, 30, 0, 0, 0, 0, 0, 0, 0, 0, 0, 6, 36
"d:\tot\projects\POS_app\lib\domain\products\repo\products_repo_base.dart", "Dart", 0, 16, 0, 0, 0, 0, 0, 0, 0, 0, 0, 3, 19
"d:\tot\projects\POS_app\lib\domain\products\usecases\change_product_master_variation.dart", "Dart", 0, 26, 0, 0, 0, 0, 0, 0, 0, 0, 0, 8, 34
"d:\tot\projects\POS_app\lib\domain\products\usecases\get_product_details_usecase.dart", "Dart", 0, 91, 0, 0, 0, 0, 0, 0, 0, 0, 1, 13, 105
"d:\tot\projects\POS_app\lib\domain\products\usecases\get_products_usecase.dart", "Dart", 0, 99, 0, 0, 0, 0, 0, 0, 0, 0, 0, 10, 109
"d:\tot\projects\POS_app\lib\domain\reports\repo\report_repo.dart", "Dart", 0, 14, 0, 0, 0, 0, 0, 0, 0, 0, 0, 4, 18
"d:\tot\projects\POS_app\lib\domain\reports\usecase\order_statistics_usecase.dart", "Dart", 0, 33, 0, 0, 0, 0, 0, 0, 0, 0, 0, 6, 39
"d:\tot\projects\POS_app\lib\domain\reports\usecase\pie_chart_usecase.dart", "Dart", 0, 16, 0, 0, 0, 0, 0, 0, 0, 0, 0, 3, 19
"d:\tot\projects\POS_app\lib\domain\reports\usecase\report_cost_usecase.dart", "Dart", 0, 14, 0, 0, 0, 0, 0, 0, 0, 0, 0, 3, 17
"d:\tot\projects\POS_app\lib\domain\sales\repo\repo.dart", "Dart", 0, 5, 0, 0, 0, 0, 0, 0, 0, 0, 0, 2, 7
"d:\tot\projects\POS_app\lib\main.dart", "Dart", 0, 19, 0, 0, 0, 0, 0, 0, 0, 0, 0, 3, 22
"d:\tot\projects\POS_app\lib\pos_app.dart", "Dart", 0, 79, 0, 0, 0, 0, 0, 0, 0, 0, 0, 4, 83
"d:\tot\projects\POS_app\lib\view\blocs\bag\bag_bloc.dart", "Dart", 0, 115, 0, 0, 0, 0, 0, 0, 0, 0, 0, 12, 127
"d:\tot\projects\POS_app\lib\view\blocs\bag\bag_bloc.freezed.dart", "Dart", 0, 1214, 0, 0, 0, 0, 0, 0, 0, 0, 44, 151, 1409
"d:\tot\projects\POS_app\lib\view\blocs\bag\bag_event.dart", "Dart", 0, 12, 0, 0, 0, 0, 0, 0, 0, 0, 0, 2, 14
"d:\tot\projects\POS_app\lib\view\blocs\bag\bag_state.dart", "Dart", 0, 7, 0, 0, 0, 0, 0, 0, 0, 0, 2, 2, 11
"d:\tot\projects\POS_app\lib\view\blocs\bottom_navigation_bar\bottom_nav_bloc.dart", "Dart", 0, 16, 0, 0, 0, 0, 0, 0, 0, 0, 0, 3, 19
"d:\tot\projects\POS_app\lib\view\blocs\bottom_navigation_bar\bottom_nav_bloc.freezed.dart", "Dart", 0, 360, 0, 0, 0, 0, 0, 0, 0, 0, 23, 53, 436
"d:\tot\projects\POS_app\lib\view\blocs\bottom_navigation_bar\bottom_nav_event.dart", "Dart", 0, 6, 0, 0, 0, 0, 0, 0, 0, 0, 0, 2, 8
"d:\tot\projects\POS_app\lib\view\blocs\bottom_navigation_bar\bottom_nav_state.dart", "Dart", 0, 6, 0, 0, 0, 0, 0, 0, 0, 0, 0, 2, 8
"d:\tot\projects\POS_app\lib\view\blocs\cart\add_coupon\add_coupon_bloc.dart", "Dart", 0, 23, 0, 0, 0, 0, 0, 0, 0, 0, 0, 6, 29
"d:\tot\projects\POS_app\lib\view\blocs\cart\add_coupon\add_coupon_bloc.freezed.dart", "Dart", 0, 665, 0, 0, 0, 0, 0, 0, 0, 0, 32, 95, 792
"d:\tot\projects\POS_app\lib\view\blocs\cart\add_coupon\add_coupon_event.dart", "Dart", 0, 7, 0, 0, 0, 0, 0, 0, 0, 0, 0, 2, 9
"d:\tot\projects\POS_app\lib\view\blocs\cart\add_coupon\add_coupon_state.dart", "Dart", 0, 8, 0, 0, 0, 0, 0, 0, 0, 0, 0, 3, 11
"d:\tot\projects\POS_app\lib\view\blocs\cart\add_item\add_item_bloc.dart", "Dart", 0, 38, 0, 0, 0, 0, 0, 0, 0, 0, 0, 7, 45
"d:\tot\projects\POS_app\lib\view\blocs\cart\add_item\add_item_bloc.freezed.dart", "Dart", 0, 995, 0, 0, 0, 0, 0, 0, 0, 0, 41, 121, 1157
"d:\tot\projects\POS_app\lib\view\blocs\cart\add_item\add_item_event.dart", "Dart", 0, 9, 0, 0, 0, 0, 0, 0, 0, 0, 0, 2, 11
"d:\tot\projects\POS_app\lib\view\blocs\cart\add_item\add_item_state.dart", "Dart", 0, 10, 0, 0, 0, 0, 0, 0, 0, 0, 0, 2, 12
"d:\tot\projects\POS_app\lib\view\blocs\cart\fetch_cart\fetch_cart_bloc.dart", "Dart", 0, 169, 0, 0, 0, 0, 0, 0, 0, 0, 6, 11, 186
"d:\tot\projects\POS_app\lib\view\blocs\cart\fetch_cart\fetch_cart_bloc.freezed.dart", "Dart", 0, 1707, 0, 0, 0, 0, 0, 0, 0, 0, 50, 206, 1963
"d:\tot\projects\POS_app\lib\view\blocs\cart\fetch_cart\fetch_cart_event.dart", "Dart", 0, 12, 0, 0, 0, 0, 0, 0, 0, 0, 0, 2, 14
"d:\tot\projects\POS_app\lib\view\blocs\cart\fetch_cart\fetch_cart_state.dart", "Dart", 0, 15, 0, 0, 0, 0, 0, 0, 0, 0, 1, 2, 18
"d:\tot\projects\POS_app\lib\view\blocs\cart\remove_cart\remove_cart_bloc.dart", "Dart", 0, 28, 0, 0, 0, 0, 0, 0, 0, 0, 0, 6, 34
"d:\tot\projects\POS_app\lib\view\blocs\cart\remove_cart\remove_cart_bloc.freezed.dart", "Dart", 0, 661, 0, 0, 0, 0, 0, 0, 0, 0, 35, 89, 785
"d:\tot\projects\POS_app\lib\view\blocs\cart\remove_cart\remove_cart_event.dart", "Dart", 0, 6, 0, 0, 0, 0, 0, 0, 0, 0, 0, 2, 8
"d:\tot\projects\POS_app\lib\view\blocs\cart\remove_cart\remove_cart_state.dart", "Dart", 0, 8, 0, 0, 0, 0, 0, 0, 0, 0, 0, 2, 10
"d:\tot\projects\POS_app\lib\view\blocs\categories\categories_bloc.dart", "Dart", 0, 0, 0, 0, 0, 0, 0, 0, 0, 0, 30, 5, 35
"d:\tot\projects\POS_app\lib\view\blocs\categories\categories_event.dart", "Dart", 0, 0, 0, 0, 0, 0, 0, 0, 0, 0, 6, 1, 7
"d:\tot\projects\POS_app\lib\view\blocs\categories\categories_state.dart", "Dart", 0, 0, 0, 0, 0, 0, 0, 0, 0, 0, 8, 2, 10
"d:\tot\projects\POS_app\lib\view\blocs\create_order\create_order_bloc.dart", "Dart", 0, 42, 0, 0, 0, 0, 0, 0, 0, 0, 0, 4, 46
"d:\tot\projects\POS_app\lib\view\blocs\create_order\create_order_bloc.freezed.dart", "Dart", 0, 923, 0, 0, 0, 0, 0, 0, 0, 0, 38, 125, 1086
"d:\tot\projects\POS_app\lib\view\blocs\create_order\create_order_event.dart", "Dart", 0, 7, 0, 0, 0, 0, 0, 0, 0, 0, 0, 1, 8
"d:\tot\projects\POS_app\lib\view\blocs\create_order\create_order_state.dart", "Dart", 0, 11, 0, 0, 0, 0, 0, 0, 0, 0, 4, 2, 17
"d:\tot\projects\POS_app\lib\view\blocs\customer\current_customer\current_customer_cubit.dart", "Dart", 0, 18, 0, 0, 0, 0, 0, 0, 0, 0, 0, 5, 23
"d:\tot\projects\POS_app\lib\view\blocs\customer\current_customer\current_customer_cubit.freezed.dart", "Dart", 0, 275, 0, 0, 0, 0, 0, 0, 0, 0, 18, 43, 336
"d:\tot\projects\POS_app\lib\view\blocs\customer\current_customer\current_customer_state.dart", "Dart", 0, 7, 0, 0, 0, 0, 0, 0, 0, 0, 0, 2, 9
"d:\tot\projects\POS_app\lib\view\blocs\customer\recent_customers\recent_customers_bloc.dart", "Dart", 0, 106, 0, 0, 0, 0, 0, 0, 0, 0, 0, 12, 118
"d:\tot\projects\POS_app\lib\view\blocs\customer\recent_customers\recent_customers_bloc.freezed.dart", "Dart", 0, 1102, 0, 0, 0, 0, 0, 0, 0, 0, 41, 125, 1268
"d:\tot\projects\POS_app\lib\view\blocs\customer\recent_customers\recent_customers_event.dart", "Dart", 0, 9, 0, 0, 0, 0, 0, 0, 0, 0, 0, 2, 11
"d:\tot\projects\POS_app\lib\view\blocs\customer\recent_customers\recent_customers_state.dart", "Dart", 0, 12, 0, 0, 0, 0, 0, 0, 0, 0, 4, 4, 20
"d:\tot\projects\POS_app\lib\view\blocs\fulfillment_centers\fulfillment_center_bloc.dart", "Dart", 0, 59, 0, 0, 0, 0, 0, 0, 0, 0, 0, 5, 64
"d:\tot\projects\POS_app\lib\view\blocs\fulfillment_centers\fulfillment_center_bloc.freezed.dart", "Dart", 0, 884, 0, 0, 0, 0, 0, 0, 0, 0, 38, 114, 1036
"d:\tot\projects\POS_app\lib\view\blocs\fulfillment_centers\fulfillment_center_event.dart", "Dart", 0, 8, 0, 0, 0, 0, 0, 0, 0, 0, 0, 2, 10
"d:\tot\projects\POS_app\lib\view\blocs\fulfillment_centers\fulfillment_center_state.dart", "Dart", 0, 11, 0, 0, 0, 0, 0, 0, 0, 0, 0, 2, 13
"d:\tot\projects\POS_app\lib\view\blocs\inventory\inventory_bloc.dart", "Dart", 0, 245, 0, 0, 0, 0, 0, 0, 0, 0, 7, 7, 259
"d:\tot\projects\POS_app\lib\view\blocs\inventory\inventory_bloc.freezed.dart", "Dart", 0, 1860, 0, 0, 0, 0, 0, 0, 0, 0, 47, 161, 2068
"d:\tot\projects\POS_app\lib\view\blocs\inventory\inventory_event.dart", "Dart", 0, 22, 0, 0, 0, 0, 0, 0, 0, 0, 0, 2, 24
"d:\tot\projects\POS_app\lib\view\blocs\inventory\inventory_state.dart", "Dart", 0, 18, 0, 0, 0, 0, 0, 0, 0, 0, 0, 3, 21
"d:\tot\projects\POS_app\lib\view\blocs\layout\layout_bloc.dart", "Dart", 0, 27, 0, 0, 0, 0, 0, 0, 0, 0, 0, 6, 33
"d:\tot\projects\POS_app\lib\view\blocs\layout\layout_bloc.freezed.dart", "Dart", 0, 1015, 0, 0, 0, 0, 0, 0, 0, 0, 41, 135, 1191
"d:\tot\projects\POS_app\lib\view\blocs\layout\layout_event.dart", "Dart", 0, 7, 0, 0, 0, 0, 0, 0, 0, 0, 2, 2, 11
"d:\tot\projects\POS_app\lib\view\blocs\layout\layout_state.dart", "Dart", 0, 9, 0, 0, 0, 0, 0, 0, 0, 0, 2, 3, 14
"d:\tot\projects\POS_app\lib\view\blocs\login\login_bloc.dart", "Dart", 0, 29, 0, 0, 0, 0, 0, 0, 0, 0, 0, 7, 36
"d:\tot\projects\POS_app\lib\view\blocs\login\login_bloc.freezed.dart", "Dart", 0, 668, 0, 0, 0, 0, 0, 0, 0, 0, 32, 89, 789
"d:\tot\projects\POS_app\lib\view\blocs\login\login_event.dart", "Dart", 0, 9, 0, 0, 0, 0, 0, 0, 0, 0, 0, 2, 11
"d:\tot\projects\POS_app\lib\view\blocs\login\login_state.dart", "Dart", 0, 8, 0, 0, 0, 0, 0, 0, 0, 0, 0, 3, 11
"d:\tot\projects\POS_app\lib\view\blocs\menu\menu_bloc.dart", "Dart", 0, 52, 0, 0, 0, 0, 0, 0, 0, 0, 0, 9, 61
"d:\tot\projects\POS_app\lib\view\blocs\menu\menu_bloc.freezed.dart", "Dart", 0, 1008, 0, 0, 0, 0, 0, 0, 0, 0, 36, 105, 1149
"d:\tot\projects\POS_app\lib\view\blocs\menu\menu_event.dart", "Dart", 0, 8, 0, 0, 0, 0, 0, 0, 0, 0, 0, 2, 10
"d:\tot\projects\POS_app\lib\view\blocs\menu\menu_state.dart", "Dart", 0, 9, 0, 0, 0, 0, 0, 0, 0, 0, 0, 2, 11
"d:\tot\projects\POS_app\lib\view\blocs\order_details\order_details_bloc.dart", "Dart", 0, 25, 0, 0, 0, 0, 0, 0, 0, 0, 0, 8, 33
"d:\tot\projects\POS_app\lib\view\blocs\order_details\order_details_bloc.freezed.dart", "Dart", 0, 691, 0, 0, 0, 0, 0, 0, 0, 0, 32, 99, 822
"d:\tot\projects\POS_app\lib\view\blocs\order_details\order_details_event.dart", "Dart", 0, 6, 0, 0, 0, 0, 0, 0, 0, 0, 0, 2, 8
"d:\tot\projects\POS_app\lib\view\blocs\order_details\order_details_state.dart", "Dart", 0, 8, 0, 0, 0, 0, 0, 0, 0, 0, 0, 2, 10
"d:\tot\projects\POS_app\lib\view\blocs\orders\orders_bloc.dart", "Dart", 0, 37, 0, 0, 0, 0, 0, 0, 0, 0, 0, 6, 43
"d:\tot\projects\POS_app\lib\view\blocs\orders\orders_bloc.freezed.dart", "Dart", 0, 937, 0, 0, 0, 0, 0, 0, 0, 0, 39, 127, 1103
"d:\tot\projects\POS_app\lib\view\blocs\orders\orders_event.dart", "Dart", 0, 6, 0, 0, 0, 0, 0, 0, 0, 0, 0, 2, 8
"d:\tot\projects\POS_app\lib\view\blocs\orders\orders_state.dart", "Dart", 0, 12, 0, 0, 0, 0, 0, 0, 0, 0, 0, 2, 14
"d:\tot\projects\POS_app\lib\view\blocs\product_details\product_details_bloc.dart", "Dart", 0, 61, 0, 0, 0, 0, 0, 0, 0, 0, 0, 8, 69
"d:\tot\projects\POS_app\lib\view\blocs\product_details\product_details_bloc.freezed.dart", "Dart", 0, 992, 0, 0, 0, 0, 0, 0, 0, 0, 37, 122, 1151
"d:\tot\projects\POS_app\lib\view\blocs\product_details\product_details_event.dart", "Dart", 0, 8, 0, 0, 0, 0, 0, 0, 0, 0, 0, 2, 10
"d:\tot\projects\POS_app\lib\view\blocs\product_details\product_details_state.dart", "Dart", 0, 14, 0, 0, 0, 0, 0, 0, 0, 0, 0, 2, 16
"d:\tot\projects\POS_app\lib\view\blocs\products\products_bloc.dart", "Dart", 0, 74, 0, 0, 0, 0, 0, 0, 0, 0, 0, 6, 80
"d:\tot\projects\POS_app\lib\view\blocs\products\products_bloc.freezed.dart", "Dart", 0, 1271, 0, 0, 0, 0, 0, 0, 0, 0, 38, 117, 1426
"d:\tot\projects\POS_app\lib\view\blocs\products\products_event.dart", "Dart", 0, 7, 0, 0, 0, 0, 0, 0, 0, 0, 0, 2, 9
"d:\tot\projects\POS_app\lib\view\blocs\products\products_state.dart", "Dart", 0, 12, 0, 0, 0, 0, 0, 0, 0, 0, 0, 2, 14
"d:\tot\projects\POS_app\lib\view\blocs\report\order_statistics_bloc\order_statistics_bloc.dart", "Dart", 0, 30, 0, 0, 0, 0, 0, 0, 0, 0, 0, 5, 35
"d:\tot\projects\POS_app\lib\view\blocs\report\order_statistics_bloc\order_statistics_bloc.freezed.dart", "Dart", 0, 673, 0, 0, 0, 0, 0, 0, 0, 0, 32, 97, 802
"d:\tot\projects\POS_app\lib\view\blocs\report\order_statistics_bloc\order_statistics_event.dart", "Dart", 0, 7, 0, 0, 0, 0, 0, 0, 0, 0, 0, 2, 9
"d:\tot\projects\POS_app\lib\view\blocs\report\order_statistics_bloc\order_statistics_state.dart", "Dart", 0, 7, 0, 0, 0, 0, 0, 0, 0, 0, 0, 2, 9
"d:\tot\projects\POS_app\lib\view\blocs\report\report_cost\report_cost_cubit.dart", "Dart", 0, 19, 0, 0, 0, 0, 0, 0, 0, 0, 0, 4, 23
"d:\tot\projects\POS_app\lib\view\blocs\report\report_cost\report_cost_cubit.freezed.dart", "Dart", 0, 396, 0, 0, 0, 0, 0, 0, 0, 0, 21, 61, 478
"d:\tot\projects\POS_app\lib\view\blocs\report\report_cost\report_cost_state.dart", "Dart", 0, 7, 0, 0, 0, 0, 0, 0, 0, 0, 0, 2, 9
"d:\tot\projects\POS_app\lib\view\blocs\report\report_pie_chart\report_pie_chart_cubit.dart", "Dart", 0, 19, 0, 0, 0, 0, 0, 0, 0, 0, 0, 3, 22
"d:\tot\projects\POS_app\lib\view\blocs\report\report_pie_chart\report_pie_chart_cubit.freezed.dart", "Dart", 0, 396, 0, 0, 0, 0, 0, 0, 0, 0, 21, 61, 478
"d:\tot\projects\POS_app\lib\view\blocs\report\report_pie_chart\report_pie_chart_state.dart", "Dart", 0, 8, 0, 0, 0, 0, 0, 0, 0, 0, 0, 2, 10
"d:\tot\projects\POS_app\lib\view\blocs\sales\sales_cubit.dart", "Dart", 0, 16, 0, 0, 0, 0, 0, 0, 0, 0, 0, 5, 21
"d:\tot\projects\POS_app\lib\view\blocs\sales\sales_cubit.freezed.dart", "Dart", 0, 394, 0, 0, 0, 0, 0, 0, 0, 0, 22, 59, 475
"d:\tot\projects\POS_app\lib\view\blocs\sales\sales_state.dart", "Dart", 0, 7, 0, 0, 0, 0, 0, 0, 0, 0, 0, 2, 9
"d:\tot\projects\POS_app\lib\view\blocs\signup\signup_bloc.dart", "Dart", 0, 0, 0, 0, 0, 0, 0, 0, 0, 0, 24, 6, 30
"d:\tot\projects\POS_app\lib\view\blocs\signup\signup_event.dart", "Dart", 0, 0, 0, 0, 0, 0, 0, 0, 0, 0, 11, 2, 13
"d:\tot\projects\POS_app\lib\view\blocs\signup\signup_state.dart", "Dart", 0, 0, 0, 0, 0, 0, 0, 0, 0, 0, 9, 2, 11
"d:\tot\projects\POS_app\lib\view\components\customer\alert_dialog_customer.dart", "Dart", 0, 105, 0, 0, 0, 0, 0, 0, 0, 0, 0, 10, 115
"d:\tot\projects\POS_app\lib\view\components\customer\customer_card.dart", "Dart", 0, 102, 0, 0, 0, 0, 0, 0, 0, 0, 2, 5, 109
"d:\tot\projects\POS_app\lib\view\components\customer\customer_exp.dart", "Dart", 0, 3, 0, 0, 0, 0, 0, 0, 0, 0, 0, 1, 4
"d:\tot\projects\POS_app\lib\view\components\customer\recent_customers.dart", "Dart", 0, 121, 0, 0, 0, 0, 0, 0, 0, 0, 8, 10, 139
"d:\tot\projects\POS_app\lib\view\components\home_components\tot_pos_product_details_dialog_organism.dart", "Dart", 0, 222, 0, 0, 0, 0, 0, 0, 0, 0, 2, 14, 238
"d:\tot\projects\POS_app\lib\view\components\order_components\order_alert_dialog.dart", "Dart", 0, 184, 0, 0, 0, 0, 0, 0, 0, 0, 0, 9, 193
"d:\tot\projects\POS_app\lib\view\components\order_components\order_card.dart", "Dart", 0, 194, 0, 0, 0, 0, 0, 0, 0, 0, 0, 8, 202
"d:\tot\projects\POS_app\lib\view\components\order_components\pos_orders_rail_organism.dart", "Dart", 0, 152, 0, 0, 0, 0, 0, 0, 0, 0, 0, 8, 160
"d:\tot\projects\POS_app\lib\view\components\order_components\tot_orders_rails_organism.dart", "Dart", 0, 64, 0, 0, 0, 0, 0, 0, 0, 0, 0, 6, 70
"d:\tot\projects\POS_app\lib\view\components\reports\line_chart.dart", "Dart", 0, 122, 0, 0, 0, 0, 0, 0, 0, 0, 12, 7, 141
"d:\tot\projects\POS_app\lib\view\components\reports\reports_exp.dart", "Dart", 0, 1, 0, 0, 0, 0, 0, 0, 0, 0, 3, 1, 5
"d:\tot\projects\POS_app\lib\view\components\sales_card.dart", "Dart", 0, 118, 0, 0, 0, 0, 0, 0, 0, 0, 0, 3, 121
"d:\tot\projects\POS_app\lib\view\screens\auth\login_screen.dart", "Dart", 0, 289, 0, 0, 0, 0, 0, 0, 0, 0, 13, 9, 311
"d:\tot\projects\POS_app\lib\view\screens\layout\customer_screen.dart", "Dart", 0, 198, 0, 0, 0, 0, 0, 0, 0, 0, 2, 6, 206
"d:\tot\projects\POS_app\lib\view\screens\layout\home_screen.dart", "Dart", 0, 470, 0, 0, 0, 0, 0, 0, 0, 0, 1, 9, 480
"d:\tot\projects\POS_app\lib\view\screens\layout\inventory_screen.dart", "Dart", 0, 416, 0, 0, 0, 0, 0, 0, 0, 0, 2, 12, 430
"d:\tot\projects\POS_app\lib\view\screens\layout\layout.dart", "Dart", 0, 145, 0, 0, 0, 0, 0, 0, 0, 0, 0, 4, 149
"d:\tot\projects\POS_app\lib\view\screens\layout\order_screen.dart", "Dart", 0, 129, 0, 0, 0, 0, 0, 0, 0, 0, 0, 8, 137
"d:\tot\projects\POS_app\lib\view\screens\layout\reports_screen.dart", "Dart", 0, 475, 0, 0, 0, 0, 0, 0, 0, 0, 4, 10, 489
"d:\tot\projects\POS_app\lib\view\screens\layout\sales_screen.dart", "Dart", 0, 221, 0, 0, 0, 0, 0, 0, 0, 0, 3, 9, 233
"d:\tot\projects\POS_app\lib\view\ui_mappers\alert_order.dart", "Dart", 0, 35, 0, 0, 0, 0, 0, 0, 0, 0, 0, 3, 38
"d:\tot\projects\POS_app\lib\view\ui_mappers\bag_organism_item.dart", "Dart", 0, 13, 0, 0, 0, 0, 0, 0, 0, 0, 0, 3, 16
"d:\tot\projects\POS_app\lib\view\ui_mappers\order_entity_to_pos_record.dart", "Dart", 0, 13, 0, 0, 0, 0, 0, 0, 0, 0, 0, 2, 15
"d:\tot\projects\POS_app\lib\view\ui_mappers\order_entity_to_rails_record.dart", "Dart", 0, 14, 0, 0, 0, 0, 0, 0, 0, 0, 0, 3, 17
"d:\tot\projects\POS_app\lib\view\ui_mappers\to_category_record.dart", "Dart", 0, 7, 0, 0, 0, 0, 0, 0, 0, 0, 0, 2, 9
"d:\tot\projects\POS_app\pubspec.yaml", "YAML", 0, 0, 0, 0, 0, 56, 0, 0, 0, 0, 0, 3, 59
"d:\tot\projects\POS_app\test\domain\bag\bag_item_test.dart", "Dart", 0, 92, 0, 0, 0, 0, 0, 0, 0, 0, 5, 14, 111
"d:\tot\projects\POS_app\test\fulfillment_center\data_source\data_source_test.dart", "Dart", 0, 0, 0, 0, 0, 0, 0, 0, 0, 0, 0, 1, 1
"d:\tot\projects\POS_app\test\fulfillment_center\repo\repo_test.dart", "Dart", 0, 96, 0, 0, 0, 0, 0, 0, 0, 0, 6, 10, 112
"d:\tot\projects\POS_app\test\inventory\data_source\data_source_test.dart", "Dart", 0, 82, 0, 0, 0, 0, 0, 0, 0, 0, 6, 13, 101
"d:\tot\projects\POS_app\test\inventory\repo\repo_test.dart", "Dart", 0, 77, 0, 0, 0, 0, 0, 0, 0, 0, 6, 12, 95
"d:\tot\projects\POS_app\test\menu\data_source\data_source_test.dart", "Dart", 0, 34, 0, 0, 0, 0, 0, 0, 0, 0, 0, 8, 42
"d:\tot\projects\POS_app\test\menu\repo\repo_test.dart", "Dart", 0, 44, 0, 0, 0, 0, 0, 0, 0, 0, 1, 9, 54
"d:\tot\projects\POS_app\test\menu\usecase\menu_usecase_test.dart", "Dart", 0, 29, 0, 0, 0, 0, 0, 0, 0, 0, 0, 7, 36
"d:\tot\projects\POS_app\test\orders\data_source\remote_data_source_test.dart", "Dart", 0, 80, 0, 0, 0, 0, 0, 0, 0, 0, 90, 26, 196
"d:\tot\projects\POS_app\test\orders\entity\entity_test.dart", "Dart", 0, 28, 0, 0, 0, 0, 0, 0, 0, 0, 0, 3, 31
"d:\tot\projects\POS_app\test\orders\repo\order_repo_test.dart", "Dart", 0, 44, 0, 0, 0, 0, 0, 0, 0, 0, 10, 12, 66
"d:\tot\projects\POS_app\test\orders\usecase\order_usecase_test.dart", "Dart", 0, 181, 0, 0, 0, 0, 0, 0, 0, 0, 33, 27, 241
"d:\tot\projects\POS_app\test\product\data_source\product_data_source_test.dart", "Dart", 0, 0, 0, 0, 0, 0, 0, 0, 0, 0, 51, 7, 58
"d:\tot\projects\POS_app\test\product\repo\products_repo_test.dart", "Dart", 0, 51, 0, 0, 0, 0, 0, 0, 0, 0, 12, 13, 76
"d:\tot\projects\POS_app\test\product\usecase\product_usecase_test.dart", "Dart", 0, 125, 0, 0, 0, 0, 0, 0, 0, 0, 7, 14, 146
"d:\tot\projects\POS_app\test\report\data_source\report_remote_data_source_test.dart", "Dart", 0, 52, 0, 0, 0, 0, 0, 0, 0, 0, 6, 12, 70
"d:\tot\projects\POS_app\test\report\repo\report_repo_test.dart", "Dart", 0, 110, 0, 0, 0, 0, 0, 0, 0, 0, 15, 13, 138
"d:\tot\projects\POS_app\test\report\usecase\report_useccase_test.dart", "Dart", 0, 117, 0, 0, 0, 0, 0, 0, 0, 0, 6, 7, 130
"d:\tot\projects\POS_app\test\widget_test.dart", "Dart", 0, 14, 0, 0, 0, 0, 0, 0, 0, 0, 10, 6, 30
"d:\tot\projects\POS_app\web\index.html", "HTML", 38, 0, 0, 0, 0, 0, 0, 0, 0, 0, 16, 6, 60
"d:\tot\projects\POS_app\web\manifest.json", "JSON", 0, 0, 28, 0, 0, 0, 0, 0, 0, 0, 0, 2, 30
"d:\tot\projects\POS_app\windows\runner\flutter_window.cpp", "C++", 0, 0, 0, 49, 0, 0, 0, 0, 0, 0, 7, 16, 72
"d:\tot\projects\POS_app\windows\runner\flutter_window.h", "C++", 0, 0, 0, 20, 0, 0, 0, 0, 0, 0, 5, 9, 34
"d:\tot\projects\POS_app\windows\runner\main.cpp", "C++", 0, 0, 0, 30, 0, 0, 0, 0, 0, 0, 4, 10, 44
"d:\tot\projects\POS_app\windows\runner\resource.h", "C++", 0, 0, 0, 9, 0, 0, 0, 0, 0, 0, 6, 2, 17
"d:\tot\projects\POS_app\windows\runner\utils.cpp", "C++", 0, 0, 0, 54, 0, 0, 0, 0, 0, 0, 2, 10, 66
"d:\tot\projects\POS_app\windows\runner\utils.h", "C++", 0, 0, 0, 8, 0, 0, 0, 0, 0, 0, 6, 6, 20
"d:\tot\projects\POS_app\windows\runner\win32_window.cpp", "C++", 0, 0, 0, 210, 0, 0, 0, 0, 0, 0, 24, 55, 289
"d:\tot\projects\POS_app\windows\runner\win32_window.h", "C++", 0, 0, 0, 48, 0, 0, 0, 0, 0, 0, 31, 24, 103
"Total", "-", 38, 66144, 773, 429, 42, 101, 19, 127, 8, 90, 3055, 7230, 78056